{
  "images" : [
    {
      "idiom" : "universal",
      "scale" : "1x"
    },
    {
      "resizing" : {
        "mode" : "3-part-horizontal",
        "center" : {
          "mode" : "tile",
          "width" : 73
        },
        "cap-insets" : {
          "right" : 234,
          "left" : 225
        }
      },
      "idiom" : "universal",
      "filename" : "header_red@2x.png",
      "scale" : "2x"
    },
    {
      "idiom" : "universal",
      "filename" : "header_red@3x.png",
      "scale" : "3x"
    }
  ],
  "info" : {
    "version" : 1,
    "author" : "xcode"
  }
}