[ {
  "entityTypeId" : "22fec251-8ad2-4c9f-a588-be59578aedc3",
  "id" : "9885e4ab-5186-4958-8b7a-659d14048efa",
  "name" : "Address1",
  "sourceFieldname" : "Address1",
  "description" : "Address1",
  "dataType" : "string",
  "hasIndex" : false,
  "unique" : false,
  "primarykey" : false,
  "namefield" : false,
  "nullable" : true,
  "custom" : false,
  "createable" : true,
  "updateable" : true,
  "audit" : false,
  "customizable" : false,
  "fieldOrder" : 0,
  "fieldProperties" : {
    "autoGenerated" : "false"
  }
}, {
  "entityTypeId" : "22fec251-8ad2-4c9f-a588-be59578aedc3",
  "id" : "bce78e7c-e225-4c28-ac83-f07b8936730a",
  "name" : "Address2",
  "sourceFieldname" : "Address2",
  "description" : "Address2",
  "dataType" : "string",
  "hasIndex" : false,
  "unique" : false,
  "primarykey" : false,
  "namefield" : false,
  "nullable" : true,
  "custom" : false,
  "createable" : true,
  "updateable" : true,
  "audit" : false,
  "customizable" : false,
  "fieldOrder" : 0,
  "fieldProperties" : {
    "autoGenerated" : "false"
  }
}, {
  "entityTypeId" : "22fec251-8ad2-4c9f-a588-be59578aedc3",
  "id" : "6c5064ad-0e2c-4c6c-8de8-09c7919c755b",
  "name" : "City",
  "sourceFieldname" : "City",
  "description" : "City",
  "dataType" : "string",
  "hasIndex" : false,
  "unique" : false,
  "primarykey" : false,
  "namefield" : false,
  "nullable" : true,
  "custom" : false,
  "createable" : true,
  "updateable" : true,
  "audit" : false,
  "customizable" : false,
  "fieldOrder" : 0,
  "fieldProperties" : {
    "autoGenerated" : "false"
  }
}, {
  "entityTypeId" : "22fec251-8ad2-4c9f-a588-be59578aedc3",
  "id" : "f14c8009-a2a5-49d8-ac7f-5200e1fdc9c6",
  "name" : "Contact_id",
  "sourceFieldname" : "Contact_id",
  "description" : "Contact_id",
  "dataType" : "string",
  "hasIndex" : false,
  "unique" : false,
  "primarykey" : false,
  "namefield" : false,
  "nullable" : true,
  "custom" : false,
  "createable" : true,
  "updateable" : true,
  "audit" : false,
  "customizable" : false,
  "fieldOrder" : 0,
  "fieldProperties" : {
    "autoGenerated" : "false"
  }
}, {
  "entityTypeId" : "22fec251-8ad2-4c9f-a588-be59578aedc3",
  "id" : "e145ccfc-082d-4cf7-9348-1bf02e7bfa0d",
  "name" : "Contact_type_id",
  "sourceFieldname" : "Contact_type_id",
  "description" : "Contact_type_id",
  "dataType" : "string",
  "hasIndex" : false,
  "unique" : false,
  "primarykey" : false,
  "namefield" : false,
  "nullable" : true,
  "custom" : false,
  "createable" : true,
  "updateable" : true,
  "audit" : false,
  "customizable" : false,
  "fieldOrder" : 0,
  "fieldProperties" : {
    "autoGenerated" : "false"
  }
}, {
  "entityTypeId" : "22fec251-8ad2-4c9f-a588-be59578aedc3",
  "id" : "06f907d2-8d7b-4f1d-8775-c85b76a6e466",
  "name" : "Country",
  "sourceFieldname" : "Country",
  "description" : "Country",
  "dataType" : "string",
  "hasIndex" : false,
  "unique" : false,
  "primarykey" : false,
  "namefield" : false,
  "nullable" : true,
  "custom" : false,
  "createable" : true,
  "updateable" : true,
  "audit" : false,
  "customizable" : false,
  "fieldOrder" : 0,
  "fieldProperties" : {
    "autoGenerated" : "false"
  }
}, {
  "entityTypeId" : "22fec251-8ad2-4c9f-a588-be59578aedc3",
  "id" : "f8f0f285-2625-47c9-8b88-ec3b0d152662",
  "name" : "CreatedBy",
  "sourceFieldname" : "CreatedBy",
  "description" : "CreatedBy",
  "dataType" : "string",
  "hasIndex" : false,
  "unique" : false,
  "primarykey" : false,
  "namefield" : false,
  "nullable" : true,
  "custom" : false,
  "createable" : true,
  "updateable" : true,
  "audit" : false,
  "customizable" : false,
  "fieldOrder" : 0,
  "fieldProperties" : {
    "autoGenerated" : "false"
  }
}, {
  "entityTypeId" : "22fec251-8ad2-4c9f-a588-be59578aedc3",
  "id" : "45bfbf4c-9ac3-46d2-a9e7-9647a99251fe",
  "name" : "CreatedDateTime",
  "sourceFieldname" : "CreatedDateTime",
  "description" : "CreatedDateTime",
  "dataType" : "date",
  "hasIndex" : false,
  "unique" : false,
  "primarykey" : false,
  "namefield" : false,
  "nullable" : true,
  "custom" : false,
  "createable" : true,
  "updateable" : true,
  "audit" : false,
  "customizable" : false,
  "fieldOrder" : 0,
  "fieldProperties" : {
    "autoGenerated" : "false"
  }
}, {
  "entityTypeId" : "22fec251-8ad2-4c9f-a588-be59578aedc3",
  "id" : "5352b5a8-b983-4410-9863-d872180f1bde",
  "name" : "Department_id",
  "sourceFieldname" : "Department_id",
  "description" : "Department_id",
  "dataType" : "string",
  "hasIndex" : false,
  "unique" : false,
  "primarykey" : false,
  "namefield" : false,
  "nullable" : true,
  "custom" : false,
  "createable" : true,
  "updateable" : true,
  "audit" : false,
  "customizable" : false,
  "fieldOrder" : 0,
  "fieldProperties" : {
    "autoGenerated" : "false"
  }
}, {
  "entityTypeId" : "22fec251-8ad2-4c9f-a588-be59578aedc3",
  "id" : "b7f8da77-6cc0-4697-94c4-b93e63894142",
  "name" : "Designation_id",
  "sourceFieldname" : "Designation_id",
  "description" : "Designation_id",
  "dataType" : "string",
  "hasIndex" : false,
  "unique" : false,
  "primarykey" : false,
  "namefield" : false,
  "nullable" : true,
  "custom" : false,
  "createable" : true,
  "updateable" : true,
  "audit" : false,
  "customizable" : false,
  "fieldOrder" : 0,
  "fieldProperties" : {
    "autoGenerated" : "false"
  }
}, {
  "entityTypeId" : "22fec251-8ad2-4c9f-a588-be59578aedc3",
  "id" : "2f773770-ad6c-4499-b191-4629f89ac3a9",
  "name" : "employee_id",
  "sourceFieldname" : "employee_id",
  "description" : "employee_id",
  "dataType" : "string",
  "hasIndex" : false,
  "unique" : false,
  "primarykey" : false,
  "namefield" : false,
  "nullable" : true,
  "custom" : false,
  "createable" : true,
  "updateable" : true,
  "audit" : false,
  "customizable" : false,
  "fieldOrder" : 0,
  "fieldProperties" : {
    "autoGenerated" : "false"
  }
}, {
  "entityTypeId" : "22fec251-8ad2-4c9f-a588-be59578aedc3",
  "id" : "588ac609-fe8c-4b37-a813-e95e77dc59ae",
  "name" : "Extension",
  "sourceFieldname" : "Extension",
  "description" : "Extension",
  "dataType" : "string",
  "hasIndex" : false,
  "unique" : false,
  "primarykey" : false,
  "namefield" : false,
  "nullable" : true,
  "custom" : false,
  "createable" : true,
  "updateable" : true,
  "audit" : false,
  "customizable" : false,
  "fieldOrder" : 0,
  "fieldProperties" : {
    "autoGenerated" : "false"
  }
}, {
  "entityTypeId" : "22fec251-8ad2-4c9f-a588-be59578aedc3",
  "id" : "84653bb4-fa67-418c-8fda-b5832e9a1b3f",
  "name" : "First_name",
  "sourceFieldname" : "First_name",
  "description" : "First_name",
  "dataType" : "string",
  "hasIndex" : false,
  "unique" : false,
  "primarykey" : false,
  "namefield" : false,
  "nullable" : true,
  "custom" : false,
  "createable" : true,
  "updateable" : true,
  "audit" : false,
  "customizable" : false,
  "fieldOrder" : 0,
  "fieldProperties" : {
    "autoGenerated" : "false"
  }
}, {
  "entityTypeId" : "22fec251-8ad2-4c9f-a588-be59578aedc3",
  "id" : "2438878b-6dd1-428b-aadb-554a8e84196c",
  "name" : "Image",
  "sourceFieldname" : "Image",
  "description" : "Image",
  "dataType" : "string",
  "hasIndex" : false,
  "unique" : false,
  "primarykey" : false,
  "namefield" : false,
  "nullable" : true,
  "custom" : false,
  "createable" : true,
  "updateable" : true,
  "audit" : false,
  "customizable" : false,
  "fieldOrder" : 0,
  "fieldProperties" : {
    "autoGenerated" : "false"
  }
}, {
  "entityTypeId" : "22fec251-8ad2-4c9f-a588-be59578aedc3",
  "id" : "078bf6f0-6f55-41b9-8e60-1a36a90db244",
  "name" : "Is_primary",
  "sourceFieldname" : "Is_primary",
  "description" : "Is_primary",
  "dataType" : "boolean",
  "hasIndex" : false,
  "unique" : false,
  "primarykey" : false,
  "namefield" : false,
  "nullable" : true,
  "custom" : false,
  "createable" : true,
  "updateable" : true,
  "audit" : false,
  "customizable" : false,
  "fieldOrder" : 0,
  "fieldProperties" : {
    "autoGenerated" : "false"
  }
}, {
  "entityTypeId" : "22fec251-8ad2-4c9f-a588-be59578aedc3",
  "id" : "7f03c84b-b440-4765-a9d8-17e1bfcd0c85",
  "name" : "Last_name",
  "sourceFieldname" : "Last_name",
  "description" : "Last_name",
  "dataType" : "string",
  "hasIndex" : false,
  "unique" : false,
  "primarykey" : false,
  "namefield" : false,
  "nullable" : true,
  "custom" : false,
  "createable" : true,
  "updateable" : true,
  "audit" : false,
  "customizable" : false,
  "fieldOrder" : 0,
  "fieldProperties" : {
    "autoGenerated" : "false"
  }
}, {
  "entityTypeId" : "22fec251-8ad2-4c9f-a588-be59578aedc3",
  "id" : "92288bc1-8c59-4f62-9fd2-62b6410b800e",
  "name" : "LastUpdatedBy",
  "sourceFieldname" : "LastUpdatedBy",
  "description" : "LastUpdatedBy",
  "dataType" : "string",
  "hasIndex" : false,
  "unique" : false,
  "primarykey" : false,
  "namefield" : false,
  "nullable" : true,
  "custom" : false,
  "createable" : true,
  "updateable" : true,
  "audit" : false,
  "customizable" : false,
  "fieldOrder" : 0,
  "fieldProperties" : {
    "autoGenerated" : "false"
  }
}, {
  "entityTypeId" : "22fec251-8ad2-4c9f-a588-be59578aedc3",
  "id" : "b1967821-7923-4d8a-a7be-eb8a67862852",
  "name" : "LastUpdatedDateTime",
  "sourceFieldname" : "LastUpdatedDateTime",
  "description" : "LastUpdatedDateTime",
  "dataType" : "date",
  "hasIndex" : false,
  "unique" : false,
  "primarykey" : false,
  "namefield" : false,
  "nullable" : true,
  "custom" : false,
  "createable" : true,
  "updateable" : true,
  "audit" : false,
  "customizable" : false,
  "fieldOrder" : 0,
  "fieldProperties" : {
    "autoGenerated" : "false"
  }
}, {
  "entityTypeId" : "22fec251-8ad2-4c9f-a588-be59578aedc3",
  "id" : "f83072f6-3da7-4500-94e3-f69d389e5ce7",
  "name" : "Location_id",
  "sourceFieldname" : "Location_id",
  "description" : "Location_id",
  "dataType" : "string",
  "hasIndex" : false,
  "unique" : false,
  "primarykey" : false,
  "namefield" : false,
  "nullable" : true,
  "custom" : false,
  "createable" : true,
  "updateable" : true,
  "audit" : false,
  "customizable" : false,
  "fieldOrder" : 0,
  "fieldProperties" : {
    "autoGenerated" : "false"
  }
}, {
  "entityTypeId" : "22fec251-8ad2-4c9f-a588-be59578aedc3",
  "id" : "5b69d0f1-67fe-420d-98bd-f8838a3bdc1f",
  "name" : "Manager_id",
  "sourceFieldname" : "Manager_id",
  "description" : "Manager_id",
  "dataType" : "string",
  "hasIndex" : false,
  "unique" : false,
  "primarykey" : false,
  "namefield" : false,
  "nullable" : true,
  "custom" : false,
  "createable" : true,
  "updateable" : true,
  "audit" : false,
  "customizable" : false,
  "fieldOrder" : 0,
  "fieldProperties" : {
    "autoGenerated" : "false"
  }
}, {
  "entityTypeId" : "22fec251-8ad2-4c9f-a588-be59578aedc3",
  "id" : "ce798903-f637-4f1e-8f47-29a7cc1a9fce",
  "name" : "Media_id",
  "sourceFieldname" : "Media_id",
  "description" : "Media_id",
  "dataType" : "string",
  "hasIndex" : false,
  "unique" : false,
  "primarykey" : false,
  "namefield" : false,
  "nullable" : true,
  "custom" : false,
  "createable" : true,
  "updateable" : true,
  "audit" : false,
  "customizable" : false,
  "fieldOrder" : 0,
  "fieldProperties" : {
    "autoGenerated" : "false"
  }
}, {
  "entityTypeId" : "22fec251-8ad2-4c9f-a588-be59578aedc3",
  "id" : "3d529156-0d88-44cf-86ef-30a214ed4f29",
  "name" : "Media_name",
  "sourceFieldname" : "Media_name",
  "description" : "Media_name",
  "dataType" : "string",
  "hasIndex" : false,
  "unique" : false,
  "primarykey" : false,
  "namefield" : false,
  "nullable" : true,
  "custom" : false,
  "createable" : true,
  "updateable" : true,
  "audit" : false,
  "customizable" : false,
  "fieldOrder" : 0,
  "fieldProperties" : {
    "autoGenerated" : "false"
  }
}, {
  "entityTypeId" : "22fec251-8ad2-4c9f-a588-be59578aedc3",
  "id" : "288603bf-66d8-437d-83f8-0ffb4c13bec4",
  "name" : "Media_type_id",
  "sourceFieldname" : "Media_type_id",
  "description" : "Media_type_id",
  "dataType" : "string",
  "hasIndex" : false,
  "unique" : false,
  "primarykey" : false,
  "namefield" : false,
  "nullable" : true,
  "custom" : false,
  "createable" : true,
  "updateable" : true,
  "audit" : false,
  "customizable" : false,
  "fieldOrder" : 0,
  "fieldProperties" : {
    "autoGenerated" : "false"
  }
}, {
  "entityTypeId" : "22fec251-8ad2-4c9f-a588-be59578aedc3",
  "id" : "b90f2e96-ca29-4621-a255-28eff2ac40a7",
  "name" : "Name",
  "sourceFieldname" : "Name",
  "description" : "Name",
  "dataType" : "string",
  "hasIndex" : false,
  "unique" : false,
  "primarykey" : false,
  "namefield" : false,
  "nullable" : true,
  "custom" : false,
  "createable" : true,
  "updateable" : true,
  "audit" : false,
  "customizable" : false,
  "fieldOrder" : 0,
  "fieldProperties" : {
    "autoGenerated" : "false"
  }
}, {
  "entityTypeId" : "22fec251-8ad2-4c9f-a588-be59578aedc3",
  "id" : "defa3d13-785f-4e08-bb0c-6e4dfbd3eefc",
  "name" : "SoftDeleteFlag",
  "sourceFieldname" : "SoftDeleteFlag",
  "description" : "SoftDeleteFlag",
  "dataType" : "boolean",
  "hasIndex" : false,
  "unique" : false,
  "primarykey" : false,
  "namefield" : false,
  "nullable" : true,
  "custom" : false,
  "createable" : true,
  "updateable" : true,
  "audit" : false,
  "customizable" : false,
  "fieldOrder" : 0,
  "fieldProperties" : {
    "autoGenerated" : "false"
  }
}, {
  "entityTypeId" : "22fec251-8ad2-4c9f-a588-be59578aedc3",
  "id" : "a7dcc4f0-6557-47b7-9674-e58f2f1b3068",
  "name" : "State",
  "sourceFieldname" : "State",
  "description" : "State",
  "dataType" : "string",
  "hasIndex" : false,
  "unique" : false,
  "primarykey" : false,
  "namefield" : false,
  "nullable" : true,
  "custom" : false,
  "createable" : true,
  "updateable" : true,
  "audit" : false,
  "customizable" : false,
  "fieldOrder" : 0,
  "fieldProperties" : {
    "autoGenerated" : "false"
  }
}, {
  "entityTypeId" : "22fec251-8ad2-4c9f-a588-be59578aedc3",
  "id" : "51dfef6e-4699-47a3-b857-61684f2160d3",
  "name" : "Status_id",
  "sourceFieldname" : "Status_id",
  "description" : "Status_id",
  "dataType" : "string",
  "hasIndex" : false,
  "unique" : false,
  "primarykey" : false,
  "namefield" : false,
  "nullable" : true,
  "custom" : false,
  "createable" : true,
  "updateable" : true,
  "audit" : false,
  "customizable" : false,
  "fieldOrder" : 0,
  "fieldProperties" : {
    "autoGenerated" : "false"
  }
}, {
  "entityTypeId" : "22fec251-8ad2-4c9f-a588-be59578aedc3",
  "id" : "54dcf3f0-07a8-40a7-b3a1-5e62d2cf4594",
  "name" : "Url",
  "sourceFieldname" : "Url",
  "description" : "Url",
  "dataType" : "string",
  "hasIndex" : false,
  "unique" : false,
  "primarykey" : false,
  "namefield" : false,
  "nullable" : true,
  "custom" : false,
  "createable" : true,
  "updateable" : true,
  "audit" : false,
  "customizable" : false,
  "fieldOrder" : 0,
  "fieldProperties" : {
    "autoGenerated" : "false"
  }
}, {
  "entityTypeId" : "22fec251-8ad2-4c9f-a588-be59578aedc3",
  "id" : "03d348a3-3e13-43b0-baa0-0c9821727490",
  "name" : "Value",
  "sourceFieldname" : "Value",
  "description" : "Value",
  "dataType" : "string",
  "hasIndex" : false,
  "unique" : false,
  "primarykey" : false,
  "namefield" : false,
  "nullable" : true,
  "custom" : false,
  "createable" : true,
  "updateable" : true,
  "audit" : false,
  "customizable" : false,
  "fieldOrder" : 0,
  "fieldProperties" : {
    "autoGenerated" : "false"
  }
}, {
  "entityTypeId" : "22fec251-8ad2-4c9f-a588-be59578aedc3",
  "id" : "1fa0ca81-c068-4d33-a147-3911340851a5",
  "name" : "Zipcode",
  "sourceFieldname" : "Zipcode",
  "description" : "Zipcode",
  "dataType" : "string",
  "hasIndex" : false,
  "unique" : false,
  "primarykey" : false,
  "namefield" : false,
  "nullable" : true,
  "custom" : false,
  "createable" : true,
  "updateable" : true,
  "audit" : false,
  "customizable" : false,
  "fieldOrder" : 0,
  "fieldProperties" : {
    "autoGenerated" : "false"
  }
} ]