{
  "operationConfig" : {
    "name" : "createMedia9508",
    "type" : "MappedToBackend",
    "cachable" : false,
    "smsEnabled" : false,
    "security" : "authorized_app_user",
    "responseEncoding" : "UTF-8",
    "httpMethod" : "GET",
    "decodeResponseBody" : false,
    "referencingEndpoint" : "default",
    "applyCommonMapping" : true,
    "applyRequestCommonMapping" : true,
    "applyResponseCommonMapping" : true,
    "opcode" : "create",
    "relationshipHierarchyMapping" : {
      "children" : [ ],
      "name" : "Media",
      "actions" : {
        "create" : true,
        "update" : true,
        "partialupdate" : true
      },
      "selected" : true
    },
    "requestXmlMappingOverride" : false,
    "responseXmlMappingOverride" : false
  }
}